[
    {
        "_id": 1,
        "title": "\uac70\ub798\ucc98 \ubbf8\ud305",
        "description": "Lorem ipsum dolor sit incid idunt ut Lorem ipsum sit.",
        "start": "2024-07-07T09:30",
        "end": "2024-07-07T15:00",
        "type": "\uce74\ud14c\uace0\ub9ac1",
        "username": "\ub2e4\ud604",
        "backgroundColor": "#D25565",
        "textColor": "#ffffff",
        "allDay": false
    },
    {
        "_id": 2,
        "title": "\uc1a1\ub3c4",
        "description": "Lorem ipsum dolor sit incid idunt ut Lorem ipsum sit.",
        "start": "2024-07-01T12:30",
        "end": "2024-07-01T15:30",
        "type": "\uce74\ud14c\uace0\ub9ac1",
        "username": "\ub098\uc5f0",
        "backgroundColor": "#9775fa",
        "textColor": "#ffffff",
        "allDay": false
    },
    {
        "_id": 3,
        "title": "\ub2f9\uc9c4",
        "description": "Lorem ipsum dolor sit incid idunt ut Lorem ipsum sit.",
        "start": "2024-07-12",
        "end": "2024-07-12",
        "type": "\uce74\ud14c\uace0\ub9ac2",
        "username": "\ub2e4\ud604",
        "backgroundColor": "#ffa94d",
        "textColor": "#ffffff",
        "allDay": true
    },
    {
        "_id": 4,
        "title": "\ub9c8\uace1 \ud718\uac15 \ud615\ud2c0",
        "description": "Lorem ipsum dolor sit incid idunt ut Lorem ipsum sit.",
        "start": "2024-07-06",
        "end": "2024-07-06",
        "type": "\uce74\ud14c\uace0\ub9ac2",
        "username": "\uc9c0\ud6a8",
        "backgroundColor": "#74c0fc",
        "textColor": "#ffffff",
        "allDay": true
    },
    {
        "_id": 5,
        "title": "\ub9c8\uace1 CP4 \uad11\uc601\uac1c\ubc1c",
        "description": "Lorem ipsum dolor sit incid idunt ut Lorem ipsum sit.",
        "start": "2024-07-08",
        "end": "2024-07-08",
        "type": "\uce74\ud14c\uace0\ub9ac3",
        "username": "\uc9c0\ud6a8",
        "backgroundColor": "#f06595",
        "textColor": "#ffffff",
        "allDay": true
    },
    {
        "_id": 6,
        "title": "\uc1a1\ub3c4",
        "description": "Lorem ipsum dolor sit incid idunt ut Lorem ipsum sit.",
        "start": "2024-07-14",
        "end": "2024-07-14",
        "type": "\uce74\ud14c\uace0\ub9ac2",
        "username": "\uc0ac\ub098",
        "backgroundColor": "#63e6be",
        "textColor": "#ffffff",
        "allDay": true
    },
    {
        "_id": 7,
        "title": "\uc2dc\ud765 \ud55c\ub77c\ud0dc\uc77c",
        "description": "Lorem ipsum dolor sit incid idunt ut Lorem ipsum sit.",
        "start": "2024-07-18",
        "end": "2024-07-20",
        "type": "\uce74\ud14c\uace0\ub9ac4",
        "username": "\uc0ac\ub098",
        "backgroundColor": "#a9e34b",
        "textColor": "#ffffff",
        "allDay": true
    },
    {
        "_id": 8,
        "title": "\uc1a1\ub3c4",
        "description": "Lorem ipsum dolor sit incid idunt ut Lorem ipsum sit.",
        "start": "2024-07-24T09:00",
        "end": "2024-07-24T10:00",
        "type": "\uce74\ud14c\uace0\ub9ac3",
        "username": "\uc815\uc5f0",
        "backgroundColor": "#4d638c",
        "textColor": "#ffffff",
        "allDay": false
    },
    {
        "_id": 9,
        "title": "\ucd9c\uc7a5",
        "description": "Lorem ipsum dolor sit incid idunt ut Lorem ipsum sit.",
        "start": "2024-07-28",
        "end": "2024-07-31",
        "type": "\uce74\ud14c\uace0\ub9ac3",
        "username": "\uc815\uc5f0",
        "backgroundColor": "#495057",
        "textColor": "#ffffff",
        "allDay": true
    },
    {
        "_id": 10,
        "title": "\uad6c\uc758 \uc6d0\uc11d",
        "description": "Lorem ipsum dolor sit incid idunt ut Lorem ipsum sit.",
        "start": "2024-07-15",
        "end": "2024-07-22",
        "type": "\uce74\ud14c\uace0\ub9ac2",
        "username": "\ub2e4\ud604",
        "backgroundColor": "#9775fa",
        "textColor": "#ffffff",
        "allDay": true
    },
    {
        "_id": 176,
        "start": "2024-07-22 23:19",
        "end": "2024-07-22 23:19",
        "description": "{\"numworkers\":\"\",\"workersnormal\":\"\",\"workershard\":\"\",\"workersmorning\":\"\",\"taskresult\":\"\ub2f9\uc9c4_\ub3c4\uae09_1_C_\uae30\ub465__3\\n\",\"additional\":\"\"}",
        "type": "\uce74\ud14c\uace0\ub9ac1",
        "username": "\uc815\uc5f0",
        "backgroundColor": "#D25565",
        "textColor": "#ffffff",
        "allDay": false
    },
    {
        "_id": 243,
        "title": "Jdka",
        "start": "2024-07-25 13:09",
        "end": "2024-07-25 14:09",
        "description": "",
        "type": "\uce74\ud14c\uace0\ub9ac1",
        "username": "\uc0ac\ub098",
        "backgroundColor": "#D25565",
        "textColor": "#ffffff",
        "allDay": false
    },
    {
        "_id": 135,
        "title": "\ub2f9\uc9c4",
        "start": "2024-07-25 22:57",
        "end": "2024-07-25 22:57",
        "description": "{\"numworkers\":\"14\",\"workersnormal\":\",\uae40\uc2dc\ud5cc ,\uc815\ub3d9\uadfc,\uc190\ud0dc\ubb38, \uac15\ucc3d\uc120,  \uce94\uc544\ub098\ub35c\ub9ac, \ubcf4\ub9ac\uc2a4, \uc784\uc54c\ub809\uc138\uc774, \uc54c\ub809\uc2a4\uc54c\ub809\uc0b0\ub354, \ubc15\uc5d0\ube0c\uac8c\ub2c872 ,\uc774\uc138\ub974\uac8c\uc774 ,\uae40\uc548\ub4dc\ub808\uc774 ,\ud55c\ud30c\ubca8 ,\ubc15\ub4dc\ubbf8\ud2b8\ub9ac ,\ud669\ubbfc\uad8c,\",\"workershard\":\"\",\"workersmorning\":\"\",\"taskresult\":\"\ub2f9\uc9c4_\ub3c4\uae09_1_C_\uae30\ub465_\uac70\ud478\uc9d1 \uc124\uce58 \ubc0f \ubc18\ub3c4 \uc791\uc5c5_4\\n\ub2f9\uc9c4_\ub3c4\uae09_1_B_\ucf54\uc544_3\ubc88 \uacc4\ub2e8 \uacc4\uafb8\ubbf8 \uc124\uce58 \ubc0f \ud558\ubd80 \uc791\uc5c5_4\\n\ub2f9\uc9c4_\ub3c4\uae09_2_A_\ucf54\uc544_4\ubc88 \uacc4\ub2e8 \uc791\uc5c5_4\\n\ub2f9\uc9c4_\ub3c4\uae09_2_D_\ucf54\uc544_\uac70\ud478\uc9d1 \uc124\uce58 \uc791\uc5c5_2\\n\",\"additional\":\"\"}",
        "type": "\uce74\ud14c\uace0\ub9ac1",
        "username": "\ub098\uc5f0",
        "backgroundColor": "#D25565",
        "textColor": "#ffffff",
        "allDay": false
    },
    {
        "_id": 17,
        "title": "\ub2f9\uc9c4",
        "start": "2024-07-25 23:26",
        "end": "2024-07-25 23:26",
        "description": "{\"numworkers\":\"14\",\"workersnormal\":\"\uae40\uc2dc\ud5cc ,\uc815\ub3d9\uadfc ,\uc190\ud0dc\ubb38 ,\uac15\ucc3d\uc120  ,\uce94\uc544\ub098\ub35c\ub9ac ,\ubcf4\ub9ac\uc2a4, \uc784\uc54c\ub809\uc138\uc774, \uc54c\ub809\uc2a4\uc54c\ub809\uc0b0\ub354, \ubc15\uc5d0\ube0c\uac8c\ub2c872 ,\uc774\uc138\ub974\uac8c\uc774 ,\uae40\uc548\ub4dc\ub808\uc774 ,\ud55c\ud30c\ubca8 ,\ubc15\ub4dc\ubbf8\ud2b8\ub9ac ,\ud669\ubbfc\uad8c,\",\"workershard\":\"\",\"workersmorning\":\"\",\"taskresult\":\"\ub2f9\uc9c4_\ub3c4\uae09_1_C_\uae30\ub465_\uac70\ud478\uc9d1 \uc124\uce58 \ubc0f \ubc18\ub3c4 \uc791\uc5c5_5\\n\ub2f9\uc9c4_\ub3c4\uae09_1_B_\ucf54\uc544_3\ubc88 \uacc4\ub2e8 \uacc4\uafb8\ubbf8 \uc124\uce58 \ubc0f \ud558\ubd80 \uc791\uc5c5_5\\n\ub2f9\uc9c4_\ub3c4\uae09_2_A_\ucf54\uc544_\uac70\ud478\uc9d1 \uc124\uce58 \uc791\uc5c5_4\\n\",\"additional\":\"\"}",
        "type": "\uce74\ud14c\uace0\ub9ac1",
        "username": "\ub098\uc5f0",
        "backgroundColor": "#D25565",
        "textColor": "#ffffff",
        "allDay": false
    },
    {
        "_id": 249,
        "title": "\ub2f9\uc9c4",
        "start": "2024-07-25 23:30",
        "end": "2024-07-25 23:30",
        "description": "{\"numworkers\":\"14\",\"workersnormal\":\"\uae40\uc2dc\ud5cc ,\uc815\ub3d9\uadfc ,\uc190\ud0dc\ubb38 ,\uac15\ucc3d\uc120  ,\uce94\uc544\ub098\ub35c\ub9ac ,\ubcf4\ub9ac\uc2a4, \uc784\uc54c\ub809\uc138\uc774, \uc54c\ub809\uc2a4\uc54c\ub809\uc0b0\ub354, \ubc15\uc5d0\ube0c\uac8c\ub2c872 ,\uc774\uc138\ub974\uac8c\uc774 ,\uae40\uc548\ub4dc\ub808\uc774 ,\ud55c\ud30c\ubca8 ,\ubc15\ub4dc\ubbf8\ud2b8\ub9ac ,\ud669\ubbfc\uad8c,\",\"workershard\":\"\",\"workersmorning\":\"\",\"taskresult\":\"\ub2f9\uc9c4_\ub3c4\uae09_1_C_\uae30\ub465_\uac70\ud478\uc9d1 \uc124\uce58 \ubc0f \ubc18\ub3c4 \uc791\uc5c5_5\\n\ub2f9\uc9c4_\ub3c4\uae09_1_C_\ucf54\uc544_\uc791\uc5c5_5\\n\ub2f9\uc9c4_\ub3c4\uae09_2_A_\ucf54\uc544_4\ubc88 \uacc4\ub2e8 \uc791\uc5c5_4\\n\",\"additional\":\"\"}",
        "type": "\uce74\ud14c\uace0\ub9ac1",
        "username": "\ub098\uc5f0",
        "backgroundColor": "#D25565",
        "textColor": "#ffffff",
        "allDay": false
    },
    {
        "description": "{\"numworkers\":\"3\",\"workersnormal\":\"\uae40\ubbfc\uc218, \ucd5c\ubbfc\uc218, \uc624\ubbfc\uc218 ,\",\"workershard\":\"\",\"workersmorning\":\"\",\"taskresult\":\"\ub9c8\uace1_\ub3c4\uae09_1_C_\uae30\ub465_\uac70\ud478\uc9d1 \uc124\uce58 \ubc0f \ubc18\ub3c4 \uc791\uc5c5_3\\n\",\"additional\":\"\ud2b9\uc774\uc0ac\ud56d: \ud2b9\uc774\uc0ac\ud56d \uc5c6\uc74c\\n\uc5f0\uc7a5\uadfc\ubb34: \"}\n\uc218\uc815",
        "type": "\uce74\ud14c\uace0\ub9ac1",
        "username": "\ub098\uc5f0",
        "_id": "482",
        "allDay": false,
        "title": "\ub9c8\uace1",
        "backgroundColor": "#D25565",
        "textColor": "#ffffff",
        "start": "2024-07-26 18:59",
        "end": "2024-07-26 18:59"
    },
    {
        "_id": 930,
        "title": "123",
        "start": "2024-07-01 20:29",
        "end": "2024-07-01 21:29",
        "description": "1234",
        "type": "\uce74\ud14c\uace0\ub9ac1",
        "username": "\uc0ac\ub098",
        "backgroundColor": "#D25565",
        "textColor": "#ffffff",
        "allDay": false
    },
    {
        "_id": 892,
        "title": "123",
        "start": "2024-07-04 20:29",
        "end": "2024-07-04 21:29",
        "description": "123",
        "type": "\uce74\ud14c\uace0\ub9ac1",
        "username": "\uc0ac\ub098",
        "backgroundColor": "#D25565",
        "textColor": "#ffffff",
        "allDay": false
    },
    {
        "_id": 738,
        "title": "123",
        "start": "2024-07-03 20:33",
        "end": "2024-07-03 21:33",
        "description": "123",
        "type": "\uce74\ud14c\uace0\ub9ac1",
        "backgroundColor": "#D25565",
        "textColor": "#ffffff",
        "allDay": false
    },
    {
        "_id": 687,
        "title": "14141",
        "start": "2024-07-05 20:37",
        "end": "2024-07-05 21:37",
        "description": "14141",
        "type": "\uce74\ud14c\uace0\ub9ac1",
        "username": "",
        "backgroundColor": "#D25565",
        "textColor": "#ffffff",
        "allDay": false
    },
    {
        "_id": 240,
        "title": "14141",
        "start": "2024-07-05 20:37",
        "end": "2024-07-05 21:37",
        "description": "4141414",
        "type": "\uce74\ud14c\uace0\ub9ac1",
        "username": "\uc774\ub3d9\uc131",
        "backgroundColor": "#D25565",
        "textColor": "#ffffff",
        "allDay": false
    },
    {
        "_id": 923,
        "title": "\ub2f9\uc9c4",
        "start": "2024-07-31 15:58",
        "end": "2024-07-31 15:58",
        "description": "\uc791\uc5c5\uc7a5 : \ub2f9\uc9c4 \n\uc791\uc5c5\uc778\uc6d0 :  \n\uc791\uc5c5\uc790 \uba85 :\n\uc5f0\uc7a5 \uadfc\ubb34\uc790\uba85 : \n\uc624\uc804 \uadfc\ubb34\uc790\uba85 : \n\uc791\uc5c5 \ub0b4\uc6a9 : \ub2f9\uc9c4_\ub3c4\uae09_1_C_\uae30\ub465_\uac70\ud478\uc9d1 \uc124\uce58 \ubc0f \ubc18\ub3c4 \uc791\uc5c5_33\n\n\ud2b9\uc774\uc0ac\ud56d : \n\n                        \n                        ",
        "type": "\uce74\ud14c\uace0\ub9ac1",
        "username": "\ub098\uc5f0",
        "backgroundColor": "#D25565",
        "textColor": "#ffffff",
        "allDay": false
    },
    {
        "_id": 800,
        "title": "\ub2f9\uc9c4",
        "start": "2024-08-04 09:00",
        "end": "2024-08-04 09:00",
        "description": "\uc791\uc5c5\uc7a5 : \ub2f9\uc9c4 \n \uc791\uc5c5\uc778\uc6d0 : 3 \n\uc791\uc5c5\uc790 \uba85 :\uae40\ubbfc\uc9c0,\ucd5c\ube44\ubb34,\uc624\uc624,\n\uc5f0\uc7a5 \uadfc\ubb34\uc790\uba85 : \n\uc624\uc804 \uadfc\ubb34\uc790\uba85 : \n\uc791\uc5c5 \ub0b4\uc6a9 : \ub2f9\uc9c4_\ub3c4\uae09_1_C_\uae30\ub465_\uac70\ud478\uc9d1 \uc124\uce58 \ubc0f \ubc18\ub3c4 \uc791\uc5c5_3\n\n\ud2b9\uc774\uc0ac\ud56d : \n",
        "type": "\ub2f9\uc9c4",
        "username": "\uc7a5\ud574\ub8e1",
        "backgroundColor": "#D25565",
        "textColor": "#ffffff",
        "allDay": false
    },
    {
        "_id": 64,
        "title": "\ub2f9\uc9c4",
        "start": "2024-08-04 09:00",
        "end": "2024-08-04 09:00",
        "description": "\uc791\uc5c5\uc7a5 : \ub2f9\uc9c4 \n \uc791\uc5c5\uc778\uc6d0 : 7 \n\uc791\uc5c5\uc790 \uba85 :A,B,C,D,E,F,G,\n\uc5f0\uc7a5 \uadfc\ubb34\uc790\uba85 : \n\uc624\uc804 \uadfc\ubb34\uc790\uba85 : \n\uc791\uc5c5 \ub0b4\uc6a9 : \ub2f9\uc9c4_\ub3c4\uae09_1_C_\uae30\ub465_\uac70\ud478\uc9d1 \uc124\uce58 \ubc0f \ubc18\ub3c4 \uc791\uc5c5_3\n\ub2f9\uc9c4_\ub3c4\uae09_2_A_\uc2dd\ub2f9_E/V\uc2e4 \uac70\ud478\uc9d1 \uc791\uc5c5_4\n\n\ud2b9\uc774\uc0ac\ud56d : \ud2b9\uc774\uc0ac\ud56d: \uc5c6\uc74c\n\uc5f0\uc7a5\uadfc\ubb34: \n",
        "type": "\ub2f9\uc9c4",
        "username": "\uc7a5\ud574\ub8e1",
        "backgroundColor": "#D25565",
        "textColor": "#ffffff",
        "allDay": false
    },
    {
        "_id": 173,
        "title": "\ub2f9\uc9c4",
        "start": "2024-08-04 09:00",
        "end": "2024-08-04 09:00",
        "description": "\uc791\uc5c5\uc7a5 : \ub2f9\uc9c4 \n \uc791\uc5c5\uc778\uc6d0 : 7 \n\uc791\uc5c5\uc790 \uba85 :A,B,C,D,E,F,G,\n\uc5f0\uc7a5 \uadfc\ubb34\uc790\uba85 : \n\uc624\uc804 \uadfc\ubb34\uc790\uba85 : \n\uc791\uc5c5 \ub0b4\uc6a9 : \ub2f9\uc9c4_\ub3c4\uae09_1_C_\uae30\ub465_\uac70\ud478\uc9d1 \uc124\uce58 \ubc0f \ubc18\ub3c4 \uc791\uc5c5_3\n\ub2f9\uc9c4_\ub3c4\uae09_1_B_\ucf54\uc544_3\ubc88 \uacc4\ub2e8 \uacc4\uafb8\ubbf8 \uc124\uce58 \ubc0f \ud558\ubd80 \uc791\uc5c5_4\n\n\ud2b9\uc774\uc0ac\ud56d : \ud2b9\uc774\uc0ac\ud56d: \uc5c6\uc74c\n\uc5f0\uc7a5\uadfc\ubb34: \n",
        "type": "\ub2f9\uc9c4",
        "username": "\uc7a5\ud574\ub8e1",
        "backgroundColor": "#D25565",
        "textColor": "#ffffff",
        "allDay": false
    },
    {
        "_id": 808,
        "title": "\ub2f9\uc9c4",
        "start": "2024-08-04 09:00",
        "end": "2024-08-04 09:00",
        "description": "\uc791\uc5c5\uc7a5 : \ub2f9\uc9c4 \n \uc791\uc5c5\uc778\uc6d0 : 7 \n\uc791\uc5c5\uc790 \uba85 :A,B,C,D,E,F,G,\n\uc5f0\uc7a5 \uadfc\ubb34\uc790\uba85 : \n\uc624\uc804 \uadfc\ubb34\uc790\uba85 : \n\uc791\uc5c5 \ub0b4\uc6a9 : \ub2f9\uc9c4_\ub3c4\uae09_1_C_\uae30\ub465_\uac70\ud478\uc9d1 \uc124\uce58 \ubc0f \ubc18\ub3c4 \uc791\uc5c5_3\n\ub2f9\uc9c4_\ub3c4\uae09_2_A_\ucf54\uc544_4\ubc88 \uacc4\ub2e8 \uc791\uc5c5_4\n\n\ud2b9\uc774\uc0ac\ud56d : \ud2b9\uc774\uc0ac\ud56d: \uc5c6\uc74c\n\uc5f0\uc7a5\uadfc\ubb34: \n",
        "type": "\ub2f9\uc9c4",
        "username": "\uc7a5\ud574\ub8e1",
        "backgroundColor": "#D25565",
        "textColor": "#ffffff",
        "allDay": false
    },
    {
        "_id": 73,
        "title": "\ub2f9\uc9c4",
        "start": "2024-08-04 09:00",
        "end": "2024-08-04 09:00",
        "description": "\uc791\uc5c5\uc7a5 : \ub2f9\uc9c4 \n \uc791\uc5c5\uc778\uc6d0 : 7 \n\uc791\uc5c5\uc790 \uba85 :A,B,C,D,E,F,G,\n\uc5f0\uc7a5 \uadfc\ubb34\uc790\uba85 : \n\uc624\uc804 \uadfc\ubb34\uc790\uba85 : \n\uc791\uc5c5 \ub0b4\uc6a9 : \ub2f9\uc9c4_\ub3c4\uae09_1_C_\uae30\ub465_\uac70\ud478\uc9d1 \uc124\uce58 \ubc0f \ubc18\ub3c4 \uc791\uc5c5_3\n\ub2f9\uc9c4_\ub3c4\uae09_1_B_\ucf54\uc544_3\ubc88 \uacc4\ub2e8 \uacc4\uafb8\ubbf8 \uc124\uce58 \ubc0f \ud558\ubd80 \uc791\uc5c5_4\n\n\ud2b9\uc774\uc0ac\ud56d : \ud2b9\uc774\uc0ac\ud56d: \uc5c6\uc74c\n\uc5f0\uc7a5\uadfc\ubb34: \n",
        "type": "\ub2f9\uc9c4",
        "username": "\uc7a5\ud574\ub8e1",
        "backgroundColor": "#D25565",
        "textColor": "#ffffff",
        "allDay": false
    },
    {
        "_id": 711,
        "title": "\ub2f9\uc9c4",
        "start": "2024-08-04 09:00",
        "end": "2024-08-04 09:00",
        "description": "\uc791\uc5c5\uc7a5 : \ub2f9\uc9c4 \n \uc791\uc5c5\uc778\uc6d0 : 7 \n\uc791\uc5c5\uc790 \uba85 :A,B,C,D,E,F,G,\n\uc5f0\uc7a5 \uadfc\ubb34\uc790\uba85 : \n\uc624\uc804 \uadfc\ubb34\uc790\uba85 : \n\uc791\uc5c5 \ub0b4\uc6a9 : \ub2f9\uc9c4_\ub3c4\uae09_1_C_\uae30\ub465_\uac70\ud478\uc9d1 \uc124\uce58 \ubc0f \ubc18\ub3c4 \uc791\uc5c5_3\n\ub2f9\uc9c4_\ub3c4\uae09_1_B_\ucf54\uc544_3\ubc88 \uacc4\ub2e8 \uacc4\uafb8\ubbf8 \uc124\uce58 \ubc0f \ud558\ubd80 \uc791\uc5c5_4\n\n\ud2b9\uc774\uc0ac\ud56d : \ud2b9\uc774\uc0ac\ud56d: \uc5c6\uc74c\n\uc5f0\uc7a5\uadfc\ubb34: \n",
        "type": "\ub2f9\uc9c4",
        "username": "\uc7a5\ud574\ub8e1",
        "backgroundColor": "#D25565",
        "textColor": "#ffffff",
        "allDay": false
    },
    {
        "_id": 606,
        "title": "\ub2f9\uc9c4",
        "start": "2024-08-04 09:00",
        "end": "2024-08-04 09:00",
        "description": "\uc791\uc5c5\uc7a5 : \ub2f9\uc9c4 \n \uc791\uc5c5\uc778\uc6d0 : 7 \n\uc791\uc5c5\uc790 \uba85 :A,B,C,D,E,F,G,\n\uc5f0\uc7a5 \uadfc\ubb34\uc790\uba85 : \n\uc624\uc804 \uadfc\ubb34\uc790\uba85 : \n\uc791\uc5c5 \ub0b4\uc6a9 : \ub2f9\uc9c4_\ub3c4\uae09_1_C_\uae30\ub465_\uac70\ud478\uc9d1 \uc124\uce58 \ubc0f \ubc18\ub3c4 \uc791\uc5c5_3\n\ub2f9\uc9c4_\ub3c4\uae09_1_B_\ucf54\uc544_3\ubc88 \uacc4\ub2e8 \uacc4\uafb8\ubbf8 \uc124\uce58 \ubc0f \ud558\ubd80 \uc791\uc5c5_4\n\n\ud2b9\uc774\uc0ac\ud56d : \ud2b9\uc774\uc0ac\ud56d: \uc5c6\uc74c\n\uc5f0\uc7a5\uadfc\ubb34: \n",
        "type": "\ub2f9\uc9c4",
        "username": "\uc7a5\ud574\ub8e1",
        "backgroundColor": "#D25565",
        "textColor": "#ffffff",
        "allDay": false
    },
    {
        "_id": 637,
        "title": "\ub2f9\uc9c4",
        "start": "2024-08-04 09:00",
        "end": "2024-08-04 09:00",
        "description": "\uc791\uc5c5\uc7a5 : \ub2f9\uc9c4 \n \uc791\uc5c5\uc778\uc6d0 : 7 \n\uc791\uc5c5\uc790 \uba85 :A,B,C,D,E,F,G,\n\uc5f0\uc7a5 \uadfc\ubb34\uc790\uba85 : \n\uc624\uc804 \uadfc\ubb34\uc790\uba85 : \n\uc791\uc5c5 \ub0b4\uc6a9 : \ub2f9\uc9c4_\ub3c4\uae09_1_C_\uae30\ub465_\uac70\ud478\uc9d1 \uc124\uce58 \ubc0f \ubc18\ub3c4 \uc791\uc5c5_3\n\ub2f9\uc9c4_\ub3c4\uae09_1_B_\ucf54\uc544_3\ubc88 \uacc4\ub2e8 \uacc4\uafb8\ubbf8 \uc124\uce58 \ubc0f \ud558\ubd80 \uc791\uc5c5_4\n\n\ud2b9\uc774\uc0ac\ud56d : \ud2b9\uc774\uc0ac\ud56d: \uc5c6\uc74c\n\uc5f0\uc7a5\uadfc\ubb34: \n",
        "type": "\ub2f9\uc9c4",
        "username": "\uc7a5\ud574\ub8e1",
        "backgroundColor": "#D25565",
        "textColor": "#ffffff",
        "allDay": false
    },
    {
        "_id": 672,
        "title": "\ub2f9\uc9c4",
        "start": "2024-08-04 09:00",
        "end": "2024-08-04 09:00",
        "description": "\uc791\uc5c5\uc7a5 : \ub2f9\uc9c4 \n \uc791\uc5c5\uc778\uc6d0 : 7 \n\uc791\uc5c5\uc790 \uba85 :A,B,C,D,E,F,G,\n\uc5f0\uc7a5 \uadfc\ubb34\uc790\uba85 : \n\uc624\uc804 \uadfc\ubb34\uc790\uba85 : \n\uc791\uc5c5 \ub0b4\uc6a9 : \ub2f9\uc9c4_\ub3c4\uae09_1_C_\uae30\ub465_\uac70\ud478\uc9d1 \uc124\uce58 \ubc0f \ubc18\ub3c4 \uc791\uc5c5_3\n\ub2f9\uc9c4_\ub3c4\uae09_1_B_\ucf54\uc544_3\ubc88 \uacc4\ub2e8 \uacc4\uafb8\ubbf8 \uc124\uce58 \ubc0f \ud558\ubd80 \uc791\uc5c5_4\n\n\ud2b9\uc774\uc0ac\ud56d : \ud2b9\uc774\uc0ac\ud56d: \uc5c6\uc74c\n\uc5f0\uc7a5\uadfc\ubb34: \n",
        "type": "\ub2f9\uc9c4",
        "username": "\uc7a5\ud574\ub8e1",
        "backgroundColor": "#D25565",
        "textColor": "#ffffff",
        "allDay": false
    },
    {
        "_id": 11,
        "title": "\ub2f9\uc9c4",
        "start": "2024-08-04 09:00",
        "end": "2024-08-04 09:00",
        "description": "\uc791\uc5c5\uc7a5 : \ub2f9\uc9c4 \n \uc791\uc5c5\uc778\uc6d0 : 7 \n\uc791\uc5c5\uc790 \uba85 :A,B,C,D,E,F,G,\n\uc5f0\uc7a5 \uadfc\ubb34\uc790\uba85 : \n\uc624\uc804 \uadfc\ubb34\uc790\uba85 : \n\uc791\uc5c5 \ub0b4\uc6a9 : \ub2f9\uc9c4_\ub3c4\uae09_1_C_\uae30\ub465_\uac70\ud478\uc9d1 \uc124\uce58 \ubc0f \ubc18\ub3c4 \uc791\uc5c5_3\n\ub2f9\uc9c4_\ub3c4\uae09_1_B_\ucf54\uc544_3\ubc88 \uacc4\ub2e8 \uacc4\uafb8\ubbf8 \uc124\uce58 \ubc0f \ud558\ubd80 \uc791\uc5c5_4\n\n\ud2b9\uc774\uc0ac\ud56d : \ud2b9\uc774\uc0ac\ud56d: \uc5c6\uc74c\n\uc5f0\uc7a5\uadfc\ubb34: \n",
        "type": "\ub2f9\uc9c4",
        "username": "\uc7a5\ud574\ub8e1",
        "backgroundColor": "#D25565",
        "textColor": "#ffffff",
        "allDay": false
    },
    {
        "_id": 871,
        "title": "\ub2f9\uc9c4",
        "start": "2024-08-04 09:00",
        "end": "2024-08-04 09:00",
        "description": "\uc791\uc5c5\uc7a5 : \ub2f9\uc9c4 \n \uc791\uc5c5\uc778\uc6d0 : 7 \n\uc791\uc5c5\uc790 \uba85 :A,B,C,D,E,F,G,\n\uc5f0\uc7a5 \uadfc\ubb34\uc790\uba85 : \n\uc624\uc804 \uadfc\ubb34\uc790\uba85 : \n\uc791\uc5c5 \ub0b4\uc6a9 : \ub2f9\uc9c4_\ub3c4\uae09_1_C_\uae30\ub465_\uac70\ud478\uc9d1 \uc124\uce58 \ubc0f \ubc18\ub3c4 \uc791\uc5c5_3\n\ub2f9\uc9c4_\ub3c4\uae09_1_B_\ucf54\uc544_3\ubc88 \uacc4\ub2e8 \uacc4\uafb8\ubbf8 \uc124\uce58 \ubc0f \ud558\ubd80 \uc791\uc5c5_4\n\n\ud2b9\uc774\uc0ac\ud56d : \ud2b9\uc774\uc0ac\ud56d: \uc5c6\uc74c\n\uc5f0\uc7a5\uadfc\ubb34: \n",
        "type": "\ub2f9\uc9c4",
        "username": "\uc7a5\ud574\ub8e1",
        "backgroundColor": "#D25565",
        "textColor": "#ffffff",
        "allDay": false
    },
    {
        "_id": 477,
        "title": "\ub2f9\uc9c4",
        "start": "2024-08-04 09:00",
        "end": "2024-08-04 09:00",
        "description": "\uc791\uc5c5\uc7a5 : \ub2f9\uc9c4 \n \uc791\uc5c5\uc778\uc6d0 : 7 \n\uc791\uc5c5\uc790 \uba85 :A,B,C,D,E,F,G,\n\uc5f0\uc7a5 \uadfc\ubb34\uc790\uba85 : \n\uc624\uc804 \uadfc\ubb34\uc790\uba85 : \n\uc791\uc5c5 \ub0b4\uc6a9 : \ub2f9\uc9c4_\ub3c4\uae09_1_C_\uae30\ub465_\uac70\ud478\uc9d1 \uc124\uce58 \ubc0f \ubc18\ub3c4 \uc791\uc5c5_3\n\ub2f9\uc9c4_\ub3c4\uae09_1_B_\ucf54\uc544_3\ubc88 \uacc4\ub2e8 \uacc4\uafb8\ubbf8 \uc124\uce58 \ubc0f \ud558\ubd80 \uc791\uc5c5_4\n\n\ud2b9\uc774\uc0ac\ud56d : \ud2b9\uc774\uc0ac\ud56d: \uc5c6\uc74c\n\uc5f0\uc7a5\uadfc\ubb34: \n",
        "type": "\ub2f9\uc9c4",
        "username": "\uc7a5\ud574\ub8e1",
        "backgroundColor": "#D25565",
        "textColor": "#ffffff",
        "allDay": false
    },
    {
        "_id": 902,
        "title": "\ub2f9\uc9c4",
        "start": "2024-08-04 09:00",
        "end": "2024-08-04 09:00",
        "description": "\uc791\uc5c5\uc7a5 : \ub2f9\uc9c4 \n \uc791\uc5c5\uc778\uc6d0 : 7 \n\uc791\uc5c5\uc790 \uba85 :A,B,C,D,E,F,G,\n\uc5f0\uc7a5 \uadfc\ubb34\uc790\uba85 : \n\uc624\uc804 \uadfc\ubb34\uc790\uba85 : \n\uc791\uc5c5 \ub0b4\uc6a9 : \ub2f9\uc9c4_\ub3c4\uae09_1_C_\uae30\ub465_\uac70\ud478\uc9d1 \uc124\uce58 \ubc0f \ubc18\ub3c4 \uc791\uc5c5_3\n\ub2f9\uc9c4_\ub3c4\uae09_1_B_\ucf54\uc544_3\ubc88 \uacc4\ub2e8 \uacc4\uafb8\ubbf8 \uc124\uce58 \ubc0f \ud558\ubd80 \uc791\uc5c5_4\n\n\ud2b9\uc774\uc0ac\ud56d : \ud2b9\uc774\uc0ac\ud56d: \uc5c6\uc74c\n\uc5f0\uc7a5\uadfc\ubb34: \n",
        "type": "\ub2f9\uc9c4",
        "username": "\uc7a5\ud574\ub8e1",
        "backgroundColor": "#D25565",
        "textColor": "#ffffff",
        "allDay": false
    },
    {
        "_id": 255,
        "title": "\ub2f9\uc9c4",
        "start": "2024-08-04 09:00",
        "end": "2024-08-04 09:00",
        "description": "\uc791\uc5c5\uc7a5 : \ub2f9\uc9c4 \n \uc791\uc5c5\uc778\uc6d0 : 7 \n\uc791\uc5c5\uc790 \uba85 :A,B,C,D,E,F,G,\n\uc5f0\uc7a5 \uadfc\ubb34\uc790\uba85 : \n\uc624\uc804 \uadfc\ubb34\uc790\uba85 : \n\uc791\uc5c5 \ub0b4\uc6a9 : \ub2f9\uc9c4_\ub3c4\uae09_1_C_\uae30\ub465_\uac70\ud478\uc9d1 \uc124\uce58 \ubc0f \ubc18\ub3c4 \uc791\uc5c5_3\n\ub2f9\uc9c4_\ub3c4\uae09_1_B_\ucf54\uc544_3\ubc88 \uacc4\ub2e8 \uacc4\uafb8\ubbf8 \uc124\uce58 \ubc0f \ud558\ubd80 \uc791\uc5c5_4\n\n\ud2b9\uc774\uc0ac\ud56d : \ud2b9\uc774\uc0ac\ud56d: \uc5c6\uc74c\n\uc5f0\uc7a5\uadfc\ubb34: \n",
        "type": "\ub2f9\uc9c4",
        "username": "\uc7a5\ud574\ub8e1",
        "backgroundColor": "#D25565",
        "textColor": "#ffffff",
        "allDay": false
    },
    {
        "_id": 942,
        "title": "\ub2f9\uc9c4",
        "start": "2024-08-04 09:00",
        "end": "2024-08-04 09:00",
        "description": "\uc791\uc5c5\uc7a5 : \ub2f9\uc9c4 \n \uc791\uc5c5\uc778\uc6d0 : 7 \n\uc791\uc5c5\uc790 \uba85 :A,B,C,D,E,F,G,\n\uc5f0\uc7a5 \uadfc\ubb34\uc790\uba85 : \n\uc624\uc804 \uadfc\ubb34\uc790\uba85 : \n\uc791\uc5c5 \ub0b4\uc6a9 : \ub2f9\uc9c4_\ub3c4\uae09_1_C_\uae30\ub465_\uac70\ud478\uc9d1 \uc124\uce58 \ubc0f \ubc18\ub3c4 \uc791\uc5c5_3\n\ub2f9\uc9c4_\ub3c4\uae09_1_B_\ucf54\uc544_3\ubc88 \uacc4\ub2e8 \uacc4\uafb8\ubbf8 \uc124\uce58 \ubc0f \ud558\ubd80 \uc791\uc5c5_4\n\n\ud2b9\uc774\uc0ac\ud56d : \ud2b9\uc774\uc0ac\ud56d: \uc5c6\uc74c\n\uc5f0\uc7a5\uadfc\ubb34: \n",
        "type": "\ub2f9\uc9c4",
        "username": "\uc7a5\ud574\ub8e1",
        "backgroundColor": "#D25565",
        "textColor": "#ffffff",
        "allDay": false
    },
    {
        "_id": 393,
        "title": "\ub2f9\uc9c4",
        "start": "2024-08-04 09:00",
        "end": "2024-08-04 09:00",
        "description": "\uc791\uc5c5\uc7a5 : \ub2f9\uc9c4 \n \uc791\uc5c5\uc778\uc6d0 : 7 \n\uc791\uc5c5\uc790 \uba85 :A,B,C,D,E,F,G,\n\uc5f0\uc7a5 \uadfc\ubb34\uc790\uba85 : \n\uc624\uc804 \uadfc\ubb34\uc790\uba85 : \n\uc791\uc5c5 \ub0b4\uc6a9 : \ub2f9\uc9c4_\ub3c4\uae09_1_C_\uae30\ub465_\uac70\ud478\uc9d1 \uc124\uce58 \ubc0f \ubc18\ub3c4 \uc791\uc5c5_3\n\ub2f9\uc9c4_\ub3c4\uae09_1_B_\ucf54\uc544_3\ubc88 \uacc4\ub2e8 \uacc4\uafb8\ubbf8 \uc124\uce58 \ubc0f \ud558\ubd80 \uc791\uc5c5_4\n\n\ud2b9\uc774\uc0ac\ud56d : \ud2b9\uc774\uc0ac\ud56d: \uc5c6\uc74c\n\uc5f0\uc7a5\uadfc\ubb34: \n",
        "type": "\ub2f9\uc9c4",
        "username": "\uc7a5\ud574\ub8e1",
        "backgroundColor": "#D25565",
        "textColor": "#ffffff",
        "allDay": false
    },
    {
        "_id": 441,
        "title": "\ub2f9\uc9c4",
        "start": "2024-08-04 09:00",
        "end": "2024-08-04 09:00",
        "description": "\uc791\uc5c5\uc7a5 : \ub2f9\uc9c4 \n \uc791\uc5c5\uc778\uc6d0 : 7 \n\uc791\uc5c5\uc790 \uba85 :A,B,C,D,E,F,G,\n\uc5f0\uc7a5 \uadfc\ubb34\uc790\uba85 : \n\uc624\uc804 \uadfc\ubb34\uc790\uba85 : \n\uc791\uc5c5 \ub0b4\uc6a9 : \ub2f9\uc9c4_\ub3c4\uae09_1_C_\uae30\ub465_\uac70\ud478\uc9d1 \uc124\uce58 \ubc0f \ubc18\ub3c4 \uc791\uc5c5_3\n\ub2f9\uc9c4_\ub3c4\uae09_1_B_\ucf54\uc544_3\ubc88 \uacc4\ub2e8 \uacc4\uafb8\ubbf8 \uc124\uce58 \ubc0f \ud558\ubd80 \uc791\uc5c5_4\n\n\ud2b9\uc774\uc0ac\ud56d : \ud2b9\uc774\uc0ac\ud56d: \uc5c6\uc74c\n\uc5f0\uc7a5\uadfc\ubb34: \n",
        "type": "\ub2f9\uc9c4",
        "username": "\uc7a5\ud574\ub8e1",
        "backgroundColor": "#D25565",
        "textColor": "#ffffff",
        "allDay": false
    },
    {
        "_id": 97,
        "title": "\ub2f9\uc9c4",
        "start": "2024-08-04 09:00",
        "end": "2024-08-04 09:00",
        "description": "\uc791\uc5c5\uc7a5 : \ub2f9\uc9c4 \n \uc791\uc5c5\uc778\uc6d0 : 7 \n\uc791\uc5c5\uc790 \uba85 :A,B,C,D,E,F,G,\n\uc5f0\uc7a5 \uadfc\ubb34\uc790\uba85 : \n\uc624\uc804 \uadfc\ubb34\uc790\uba85 : \n\uc791\uc5c5 \ub0b4\uc6a9 : \ub2f9\uc9c4_\ub3c4\uae09_1_C_\uae30\ub465_\uac70\ud478\uc9d1 \uc124\uce58 \ubc0f \ubc18\ub3c4 \uc791\uc5c5_3\n\ub2f9\uc9c4_\ub3c4\uae09_1_B_\ucf54\uc544_3\ubc88 \uacc4\ub2e8 \uacc4\uafb8\ubbf8 \uc124\uce58 \ubc0f \ud558\ubd80 \uc791\uc5c5_4\n\n\ud2b9\uc774\uc0ac\ud56d : \ud2b9\uc774\uc0ac\ud56d: \uc5c6\uc74c\n\uc5f0\uc7a5\uadfc\ubb34: \n",
        "type": "\ub2f9\uc9c4",
        "username": "\uc7a5\ud574\ub8e1",
        "backgroundColor": "#D25565",
        "textColor": "#ffffff",
        "allDay": false
    },
    {
        "_id": 748,
        "title": "\ub2f9\uc9c4",
        "start": "2024-08-04 09:00",
        "end": "2024-08-04 09:00",
        "description": "\uc791\uc5c5\uc7a5 : \ub2f9\uc9c4 \n \uc791\uc5c5\uc778\uc6d0 : 7 \n\uc791\uc5c5\uc790 \uba85 :A,B,C,D,E,F,G,\n\uc5f0\uc7a5 \uadfc\ubb34\uc790\uba85 : \n\uc624\uc804 \uadfc\ubb34\uc790\uba85 : \n\uc791\uc5c5 \ub0b4\uc6a9 : \ub2f9\uc9c4_\ub3c4\uae09_1_C_\uae30\ub465_\uac70\ud478\uc9d1 \uc124\uce58 \ubc0f \ubc18\ub3c4 \uc791\uc5c5_3\n\ub2f9\uc9c4_\ub3c4\uae09_1_B_\ucf54\uc544_3\ubc88 \uacc4\ub2e8 \uacc4\uafb8\ubbf8 \uc124\uce58 \ubc0f \ud558\ubd80 \uc791\uc5c5_4\n\n\ud2b9\uc774\uc0ac\ud56d : \ud2b9\uc774\uc0ac\ud56d: \uc5c6\uc74c\n\uc5f0\uc7a5\uadfc\ubb34: \n",
        "type": "\ub2f9\uc9c4",
        "username": "\uc7a5\ud574\ub8e1",
        "backgroundColor": "#D25565",
        "textColor": "#ffffff",
        "allDay": false
    },
    {
        "_id": 282,
        "title": "\ub2f9\uc9c4",
        "start": "2024-08-04 09:00",
        "end": "2024-08-04 09:00",
        "description": "\uc791\uc5c5\uc7a5 : \ub2f9\uc9c4 \n \uc791\uc5c5\uc778\uc6d0 : 7 \n\uc791\uc5c5\uc790 \uba85 :A,B,C,D,E,F,G,\n\uc5f0\uc7a5 \uadfc\ubb34\uc790\uba85 : \n\uc624\uc804 \uadfc\ubb34\uc790\uba85 : \n\uc791\uc5c5 \ub0b4\uc6a9 : \ub2f9\uc9c4_\ub3c4\uae09_1_C_\uae30\ub465_\uac70\ud478\uc9d1 \uc124\uce58 \ubc0f \ubc18\ub3c4 \uc791\uc5c5_3\n\ub2f9\uc9c4_\ub3c4\uae09_1_B_\ucf54\uc544_3\ubc88 \uacc4\ub2e8 \uacc4\uafb8\ubbf8 \uc124\uce58 \ubc0f \ud558\ubd80 \uc791\uc5c5_4\n\n\ud2b9\uc774\uc0ac\ud56d : \ud2b9\uc774\uc0ac\ud56d: \uc5c6\uc74c\n\uc5f0\uc7a5\uadfc\ubb34: \n",
        "type": "\ub2f9\uc9c4",
        "username": "\uc7a5\ud574\ub8e1",
        "backgroundColor": "#D25565",
        "textColor": "#ffffff",
        "allDay": false
    },
    {
        "_id": 901,
        "title": "\ub2f9\uc9c4",
        "start": "2024-08-04 09:00",
        "end": "2024-08-04 09:00",
        "description": "\uc791\uc5c5\uc7a5 : \ub2f9\uc9c4 \n \uc791\uc5c5\uc778\uc6d0 : 7 \n\uc791\uc5c5\uc790 \uba85 :A,B,C,D,E,F,G,\n\uc5f0\uc7a5 \uadfc\ubb34\uc790\uba85 : \n\uc624\uc804 \uadfc\ubb34\uc790\uba85 : \n\uc791\uc5c5 \ub0b4\uc6a9 : \ub2f9\uc9c4_\ub3c4\uae09_1_C_\uae30\ub465_\uac70\ud478\uc9d1 \uc124\uce58 \ubc0f \ubc18\ub3c4 \uc791\uc5c5_3\n\ub2f9\uc9c4_\ub3c4\uae09_1_B_\ucf54\uc544_3\ubc88 \uacc4\ub2e8 \uacc4\uafb8\ubbf8 \uc124\uce58 \ubc0f \ud558\ubd80 \uc791\uc5c5_4\n\n\ud2b9\uc774\uc0ac\ud56d : \ud2b9\uc774\uc0ac\ud56d: \uc5c6\uc74c\n\uc5f0\uc7a5\uadfc\ubb34: \n",
        "type": "\ub2f9\uc9c4",
        "username": "\uc7a5\ud574\ub8e1",
        "backgroundColor": "#D25565",
        "textColor": "#ffffff",
        "allDay": false
    },
    {
        "_id": 585,
        "title": "\ub2f9\uc9c4",
        "start": "2024-08-04 09:00",
        "end": "2024-08-04 09:00",
        "description": "\uc791\uc5c5\uc7a5 : \ub2f9\uc9c4 \n \uc791\uc5c5\uc778\uc6d0 : 7 \n\uc791\uc5c5\uc790 \uba85 :A,B,C,D,E,F,G,\n\uc5f0\uc7a5 \uadfc\ubb34\uc790\uba85 : \n\uc624\uc804 \uadfc\ubb34\uc790\uba85 : \n\uc791\uc5c5 \ub0b4\uc6a9 : \ub2f9\uc9c4_\ub3c4\uae09_1_C_\uae30\ub465_\uac70\ud478\uc9d1 \uc124\uce58 \ubc0f \ubc18\ub3c4 \uc791\uc5c5_3\n\ub2f9\uc9c4_\ub3c4\uae09_1_B_\ucf54\uc544_3\ubc88 \uacc4\ub2e8 \uacc4\uafb8\ubbf8 \uc124\uce58 \ubc0f \ud558\ubd80 \uc791\uc5c5_4\n\n\ud2b9\uc774\uc0ac\ud56d : \ud2b9\uc774\uc0ac\ud56d: \uc5c6\uc74c\n\uc5f0\uc7a5\uadfc\ubb34: \n",
        "type": "\ub2f9\uc9c4",
        "username": "\uc7a5\ud574\ub8e1",
        "backgroundColor": "#D25565",
        "textColor": "#ffffff",
        "allDay": false
    },
    {
        "_id": 453,
        "title": "\ub2f9\uc9c4",
        "start": "2024-08-04 09:00",
        "end": "2024-08-04 09:00",
        "description": "\uc791\uc5c5\uc7a5 : \ub2f9\uc9c4 \n \uc791\uc5c5\uc778\uc6d0 : 7 \n\uc791\uc5c5\uc790 \uba85 :A,B,C,D,E,F,G,\n\uc5f0\uc7a5 \uadfc\ubb34\uc790\uba85 : \n\uc624\uc804 \uadfc\ubb34\uc790\uba85 : \n\uc791\uc5c5 \ub0b4\uc6a9 : \ub2f9\uc9c4_\ub3c4\uae09_1_C_\uae30\ub465_\uac70\ud478\uc9d1 \uc124\uce58 \ubc0f \ubc18\ub3c4 \uc791\uc5c5_3\n\ub2f9\uc9c4_\ub3c4\uae09_1_B_\ucf54\uc544_3\ubc88 \uacc4\ub2e8 \uacc4\uafb8\ubbf8 \uc124\uce58 \ubc0f \ud558\ubd80 \uc791\uc5c5_4\n\n\ud2b9\uc774\uc0ac\ud56d : \ud2b9\uc774\uc0ac\ud56d: \uc5c6\uc74c\n\uc5f0\uc7a5\uadfc\ubb34: \n",
        "type": "\ub2f9\uc9c4",
        "username": "\uc7a5\ud574\ub8e1",
        "backgroundColor": "#D25565",
        "textColor": "#ffffff",
        "allDay": false
    },
    {
        "_id": 723,
        "title": "\ub2f9\uc9c4",
        "start": "2024-08-04 09:00",
        "end": "2024-08-04 09:00",
        "description": "\uc791\uc5c5\uc7a5 : \ub2f9\uc9c4 \n \uc791\uc5c5\uc778\uc6d0 : 7 \n\uc791\uc5c5\uc790 \uba85 :A,B,C,D,E,F,G,\n\uc5f0\uc7a5 \uadfc\ubb34\uc790\uba85 : \n\uc624\uc804 \uadfc\ubb34\uc790\uba85 : \n\uc791\uc5c5 \ub0b4\uc6a9 : \ub2f9\uc9c4_\ub3c4\uae09_1_C_\uae30\ub465_\uac70\ud478\uc9d1 \uc124\uce58 \ubc0f \ubc18\ub3c4 \uc791\uc5c5_3\n\ub2f9\uc9c4_\ub3c4\uae09_1_B_\ucf54\uc544_3\ubc88 \uacc4\ub2e8 \uacc4\uafb8\ubbf8 \uc124\uce58 \ubc0f \ud558\ubd80 \uc791\uc5c5_4\n\n\ud2b9\uc774\uc0ac\ud56d : \ud2b9\uc774\uc0ac\ud56d: \uc5c6\uc74c\n\uc5f0\uc7a5\uadfc\ubb34: \n",
        "type": "\ub2f9\uc9c4",
        "username": "\uc7a5\ud574\ub8e1",
        "backgroundColor": "#D25565",
        "textColor": "#ffffff",
        "allDay": false
    },
    {
        "_id": 88,
        "title": "\ub2f9\uc9c4",
        "start": "2024-08-04 09:00",
        "end": "2024-08-04 09:00",
        "description": "\uc791\uc5c5\uc7a5 : \ub2f9\uc9c4 \n \uc791\uc5c5\uc778\uc6d0 : 7 \n\uc791\uc5c5\uc790 \uba85 :A,B,C,D,E,F,G,\n\uc5f0\uc7a5 \uadfc\ubb34\uc790\uba85 : \n\uc624\uc804 \uadfc\ubb34\uc790\uba85 : \n\uc791\uc5c5 \ub0b4\uc6a9 : \ub2f9\uc9c4_\ub3c4\uae09_1_C_\uae30\ub465_\uac70\ud478\uc9d1 \uc124\uce58 \ubc0f \ubc18\ub3c4 \uc791\uc5c5_3\n\ub2f9\uc9c4_\ub3c4\uae09_1_B_\ucf54\uc544_3\ubc88 \uacc4\ub2e8 \uacc4\uafb8\ubbf8 \uc124\uce58 \ubc0f \ud558\ubd80 \uc791\uc5c5_4\n\n\ud2b9\uc774\uc0ac\ud56d : \ud2b9\uc774\uc0ac\ud56d: \uc5c6\uc74c\n\uc5f0\uc7a5\uadfc\ubb34: \n",
        "type": "\ub2f9\uc9c4",
        "username": "\uc7a5\ud574\ub8e1",
        "backgroundColor": "#D25565",
        "textColor": "#ffffff",
        "allDay": false
    },
    {
        "_id": 597,
        "title": "\ub2f9\uc9c4",
        "start": "2024-08-04 09:00",
        "end": "2024-08-04 09:00",
        "description": "\uc791\uc5c5\uc7a5 : \ub2f9\uc9c4 \n \uc791\uc5c5\uc778\uc6d0 : 7 \n\uc791\uc5c5\uc790 \uba85 :A,B,C,D,E,F,G,\n\uc5f0\uc7a5 \uadfc\ubb34\uc790\uba85 : \n\uc624\uc804 \uadfc\ubb34\uc790\uba85 : \n\uc791\uc5c5 \ub0b4\uc6a9 : \ub2f9\uc9c4_\ub3c4\uae09_1_C_\uae30\ub465_\uac70\ud478\uc9d1 \uc124\uce58 \ubc0f \ubc18\ub3c4 \uc791\uc5c5_3\n\ub2f9\uc9c4_\ub3c4\uae09_1_B_\ucf54\uc544_3\ubc88 \uacc4\ub2e8 \uacc4\uafb8\ubbf8 \uc124\uce58 \ubc0f \ud558\ubd80 \uc791\uc5c5_4\n\n\ud2b9\uc774\uc0ac\ud56d : \ud2b9\uc774\uc0ac\ud56d: \uc5c6\uc74c\n\uc5f0\uc7a5\uadfc\ubb34: \n",
        "type": "\ub2f9\uc9c4",
        "username": "\uc7a5\ud574\ub8e1",
        "backgroundColor": "#D25565",
        "textColor": "#ffffff",
        "allDay": false
    },
    {
        "_id": 500,
        "title": "\ub2f9\uc9c4",
        "start": "2024-08-04 09:00",
        "end": "2024-08-04 09:00",
        "description": "\uc791\uc5c5\uc7a5 : \ub2f9\uc9c4 \n \uc791\uc5c5\uc778\uc6d0 : 7 \n\uc791\uc5c5\uc790 \uba85 :A,B,C,D,E,F,G,\n\uc5f0\uc7a5 \uadfc\ubb34\uc790\uba85 : \n\uc624\uc804 \uadfc\ubb34\uc790\uba85 : \n\uc791\uc5c5 \ub0b4\uc6a9 : \ub2f9\uc9c4_\ub3c4\uae09_1_C_\uae30\ub465_\uac70\ud478\uc9d1 \uc124\uce58 \ubc0f \ubc18\ub3c4 \uc791\uc5c5_3\n\ub2f9\uc9c4_\ub3c4\uae09_1_B_\ucf54\uc544_3\ubc88 \uacc4\ub2e8 \uacc4\uafb8\ubbf8 \uc124\uce58 \ubc0f \ud558\ubd80 \uc791\uc5c5_4\n\n\ud2b9\uc774\uc0ac\ud56d : \ud2b9\uc774\uc0ac\ud56d: \uc5c6\uc74c\n\uc5f0\uc7a5\uadfc\ubb34: \n",
        "type": "\ub2f9\uc9c4",
        "username": "\uc7a5\ud574\ub8e1",
        "backgroundColor": "#D25565",
        "textColor": "#ffffff",
        "allDay": false
    },
    {
        "_id": 800,
        "title": "\ub2f9\uc9c4",
        "start": "2024-08-04 09:00",
        "end": "2024-08-04 09:00",
        "description": "\uc791\uc5c5\uc7a5 : \ub2f9\uc9c4 \n \uc791\uc5c5\uc778\uc6d0 : 7 \n\uc791\uc5c5\uc790 \uba85 :A,B,C,D,E,F,G,\n\uc5f0\uc7a5 \uadfc\ubb34\uc790\uba85 : \n\uc624\uc804 \uadfc\ubb34\uc790\uba85 : \n\uc791\uc5c5 \ub0b4\uc6a9 : \ub2f9\uc9c4_\ub3c4\uae09_1_C_\uae30\ub465_\uac70\ud478\uc9d1 \uc124\uce58 \ubc0f \ubc18\ub3c4 \uc791\uc5c5_3\n\ub2f9\uc9c4_\ub3c4\uae09_1_B_\ucf54\uc544_3\ubc88 \uacc4\ub2e8 \uacc4\uafb8\ubbf8 \uc124\uce58 \ubc0f \ud558\ubd80 \uc791\uc5c5_4\n\n\ud2b9\uc774\uc0ac\ud56d : \ud2b9\uc774\uc0ac\ud56d: \uc5c6\uc74c\n\uc5f0\uc7a5\uadfc\ubb34: \n",
        "type": "\ub2f9\uc9c4",
        "username": "\uc7a5\ud574\ub8e1",
        "backgroundColor": "#D25565",
        "textColor": "#ffffff",
        "allDay": false
    },
    {
        "_id": 442,
        "title": "\ub2f9\uc9c4",
        "start": "2024-08-04 09:00",
        "end": "2024-08-04 09:00",
        "description": "\uc791\uc5c5\uc7a5 : \ub2f9\uc9c4 \n \uc791\uc5c5\uc778\uc6d0 : 7 \n\uc791\uc5c5\uc790 \uba85 :A,B,C,D,E,F,G,\n\uc5f0\uc7a5 \uadfc\ubb34\uc790\uba85 : \n\uc624\uc804 \uadfc\ubb34\uc790\uba85 : \n\uc791\uc5c5 \ub0b4\uc6a9 : \ub2f9\uc9c4_\ub3c4\uae09_1_C_\uae30\ub465_\uac70\ud478\uc9d1 \uc124\uce58 \ubc0f \ubc18\ub3c4 \uc791\uc5c5_3\n\ub2f9\uc9c4_\ub3c4\uae09_1_B_\ucf54\uc544_3\ubc88 \uacc4\ub2e8 \uacc4\uafb8\ubbf8 \uc124\uce58 \ubc0f \ud558\ubd80 \uc791\uc5c5_4\n\n\ud2b9\uc774\uc0ac\ud56d : \ud2b9\uc774\uc0ac\ud56d: \uc5c6\uc74c\n\uc5f0\uc7a5\uadfc\ubb34: \n",
        "type": "\ub2f9\uc9c4",
        "username": "\uc7a5\ud574\ub8e1",
        "backgroundColor": "#D25565",
        "textColor": "#ffffff",
        "allDay": false
    },
    {
        "_id": 22,
        "title": "\ub2f9\uc9c4",
        "start": "2024-08-04 09:00",
        "end": "2024-08-04 09:00",
        "description": "\uc791\uc5c5\uc7a5 : \ub2f9\uc9c4 \n \uc791\uc5c5\uc778\uc6d0 : 7 \n\uc791\uc5c5\uc790 \uba85 :A,B,C,D,E,F,G,\n\uc5f0\uc7a5 \uadfc\ubb34\uc790\uba85 : \n\uc624\uc804 \uadfc\ubb34\uc790\uba85 : \n\uc791\uc5c5 \ub0b4\uc6a9 : \ub2f9\uc9c4_\ub3c4\uae09_1_C_\uae30\ub465_\uac70\ud478\uc9d1 \uc124\uce58 \ubc0f \ubc18\ub3c4 \uc791\uc5c5_3\n\ub2f9\uc9c4_\ub3c4\uae09_1_B_\ucf54\uc544_3\ubc88 \uacc4\ub2e8 \uacc4\uafb8\ubbf8 \uc124\uce58 \ubc0f \ud558\ubd80 \uc791\uc5c5_4\n\n\ud2b9\uc774\uc0ac\ud56d : \ud2b9\uc774\uc0ac\ud56d: \uc5c6\uc74c\n\uc5f0\uc7a5\uadfc\ubb34: \n",
        "type": "\ub2f9\uc9c4",
        "username": "\uc7a5\ud574\ub8e1",
        "backgroundColor": "#D25565",
        "textColor": "#ffffff",
        "allDay": false
    },
    {
        "_id": 8,
        "title": "\ub2f9\uc9c4",
        "start": "2024-08-04 09:00",
        "end": "2024-08-04 09:00",
        "description": "\uc791\uc5c5\uc7a5 : \ub2f9\uc9c4 \n \uc791\uc5c5\uc778\uc6d0 : 7 \n\uc791\uc5c5\uc790 \uba85 :A,B,C,D,E,F,G,\n\uc5f0\uc7a5 \uadfc\ubb34\uc790\uba85 : \n\uc624\uc804 \uadfc\ubb34\uc790\uba85 : \n\uc791\uc5c5 \ub0b4\uc6a9 : \ub2f9\uc9c4_\ub3c4\uae09_1_C_\uae30\ub465_\uac70\ud478\uc9d1 \uc124\uce58 \ubc0f \ubc18\ub3c4 \uc791\uc5c5_3\n\ub2f9\uc9c4_\ub3c4\uae09_1_B_\ucf54\uc544_3\ubc88 \uacc4\ub2e8 \uacc4\uafb8\ubbf8 \uc124\uce58 \ubc0f \ud558\ubd80 \uc791\uc5c5_4\n\n\ud2b9\uc774\uc0ac\ud56d : \ud2b9\uc774\uc0ac\ud56d: \uc5c6\uc74c\n\uc5f0\uc7a5\uadfc\ubb34: \n",
        "type": "\ub2f9\uc9c4",
        "username": "\uc7a5\ud574\ub8e1",
        "backgroundColor": "#D25565",
        "textColor": "#ffffff",
        "allDay": false
    },
    {
        "_id": 988,
        "title": "\ub2f9\uc9c4",
        "start": "2024-08-04 09:00",
        "end": "2024-08-04 09:00",
        "description": "\uc791\uc5c5\uc7a5 : \ub2f9\uc9c4 \n \uc791\uc5c5\uc778\uc6d0 : 7 \n\uc791\uc5c5\uc790 \uba85 :A,B,C,D,E,F,G,\n\uc5f0\uc7a5 \uadfc\ubb34\uc790\uba85 : \n\uc624\uc804 \uadfc\ubb34\uc790\uba85 : \n\uc791\uc5c5 \ub0b4\uc6a9 : \ub2f9\uc9c4_\ub3c4\uae09_1_C_\uae30\ub465_\uac70\ud478\uc9d1 \uc124\uce58 \ubc0f \ubc18\ub3c4 \uc791\uc5c5_3\n\ub2f9\uc9c4_\ub3c4\uae09_1_B_\ucf54\uc544_3\ubc88 \uacc4\ub2e8 \uacc4\uafb8\ubbf8 \uc124\uce58 \ubc0f \ud558\ubd80 \uc791\uc5c5_4\n\n\ud2b9\uc774\uc0ac\ud56d : \ud2b9\uc774\uc0ac\ud56d: \uc5c6\uc74c\n\uc5f0\uc7a5\uadfc\ubb34: \n",
        "type": "\ub2f9\uc9c4",
        "username": "\uc7a5\ud574\ub8e1",
        "backgroundColor": "#D25565",
        "textColor": "#ffffff",
        "allDay": false
    },
    {
        "_id": 649,
        "title": "\ub2f9\uc9c4",
        "start": "2024-08-04 09:00",
        "end": "2024-08-04 09:00",
        "description": "\uc791\uc5c5\uc7a5 : \ub2f9\uc9c4 \n \uc791\uc5c5\uc778\uc6d0 : 7 \n\uc791\uc5c5\uc790 \uba85 :A,B,C,D,E,F,G,\n\uc5f0\uc7a5 \uadfc\ubb34\uc790\uba85 : \n\uc624\uc804 \uadfc\ubb34\uc790\uba85 : \n\uc791\uc5c5 \ub0b4\uc6a9 : \ub2f9\uc9c4_\ub3c4\uae09_1_C_\uae30\ub465_\uac70\ud478\uc9d1 \uc124\uce58 \ubc0f \ubc18\ub3c4 \uc791\uc5c5_3\n\ub2f9\uc9c4_\ub3c4\uae09_1_B_\ucf54\uc544_3\ubc88 \uacc4\ub2e8 \uacc4\uafb8\ubbf8 \uc124\uce58 \ubc0f \ud558\ubd80 \uc791\uc5c5_4\n\n\ud2b9\uc774\uc0ac\ud56d : \ud2b9\uc774\uc0ac\ud56d: \uc5c6\uc74c\n\uc5f0\uc7a5\uadfc\ubb34: \n",
        "type": "\ub2f9\uc9c4",
        "username": "\uc7a5\ud574\ub8e1",
        "backgroundColor": "#D25565",
        "textColor": "#ffffff",
        "allDay": false
    },
    {
        "_id": 462,
        "title": "\ub2f9\uc9c4",
        "start": "2024-08-04 09:00",
        "end": "2024-08-04 09:00",
        "description": "\uc791\uc5c5\uc7a5 : \ub2f9\uc9c4 \n \uc791\uc5c5\uc778\uc6d0 : 7 \n\uc791\uc5c5\uc790 \uba85 :A,B,C,D,E,F,G,\n\uc5f0\uc7a5 \uadfc\ubb34\uc790\uba85 : \n\uc624\uc804 \uadfc\ubb34\uc790\uba85 : \n\uc791\uc5c5 \ub0b4\uc6a9 : \ub2f9\uc9c4_\ub3c4\uae09_1_C_\uae30\ub465_\uac70\ud478\uc9d1 \uc124\uce58 \ubc0f \ubc18\ub3c4 \uc791\uc5c5_3\n\ub2f9\uc9c4_\ub3c4\uae09_1_B_\ucf54\uc544_3\ubc88 \uacc4\ub2e8 \uacc4\uafb8\ubbf8 \uc124\uce58 \ubc0f \ud558\ubd80 \uc791\uc5c5_4\n\n\ud2b9\uc774\uc0ac\ud56d : \ud2b9\uc774\uc0ac\ud56d: \uc5c6\uc74c\n\uc5f0\uc7a5\uadfc\ubb34: \n",
        "type": "\ub2f9\uc9c4",
        "username": "\uc7a5\ud574\ub8e1",
        "backgroundColor": "#D25565",
        "textColor": "#ffffff",
        "allDay": false
    },
    {
        "_id": 57,
        "title": "\ub2f9\uc9c4",
        "start": "2024-08-04 09:00",
        "end": "2024-08-04 09:00",
        "description": "\uc791\uc5c5\uc7a5 : \ub2f9\uc9c4 \n \uc791\uc5c5\uc778\uc6d0 : 7 \n\uc791\uc5c5\uc790 \uba85 :A,B,C,D,E,F,G,\n\uc5f0\uc7a5 \uadfc\ubb34\uc790\uba85 : \n\uc624\uc804 \uadfc\ubb34\uc790\uba85 : \n\uc791\uc5c5 \ub0b4\uc6a9 : \ub2f9\uc9c4_\ub3c4\uae09_1_C_\uae30\ub465_\uac70\ud478\uc9d1 \uc124\uce58 \ubc0f \ubc18\ub3c4 \uc791\uc5c5_3\n\ub2f9\uc9c4_\ub3c4\uae09_1_B_\ucf54\uc544_3\ubc88 \uacc4\ub2e8 \uacc4\uafb8\ubbf8 \uc124\uce58 \ubc0f \ud558\ubd80 \uc791\uc5c5_4\n\n\ud2b9\uc774\uc0ac\ud56d : \ud2b9\uc774\uc0ac\ud56d: \uc5c6\uc74c\n\uc5f0\uc7a5\uadfc\ubb34: \n",
        "type": "\ub2f9\uc9c4",
        "username": "\uc7a5\ud574\ub8e1",
        "backgroundColor": "#D25565",
        "textColor": "#ffffff",
        "allDay": false
    },
    {
        "_id": 758,
        "title": "\ub2f9\uc9c4",
        "start": "2024-08-05 09:00",
        "end": "2024-08-05 09:00",
        "description": "\uc791\uc5c5\uc7a5 : \ub2f9\uc9c4 \n \uc791\uc5c5\uc778\uc6d0 : 7 \n\uc791\uc5c5\uc790 \uba85 :A,B,C,D,E,F,G,\n\uc5f0\uc7a5 \uadfc\ubb34\uc790\uba85 : \n\uc624\uc804 \uadfc\ubb34\uc790\uba85 : \n\uc791\uc5c5 \ub0b4\uc6a9 : \ub2f9\uc9c4_\ub3c4\uae09_1_C_\uae30\ub465_\uac70\ud478\uc9d1 \uc124\uce58 \ubc0f \ubc18\ub3c4 \uc791\uc5c5_3\n\ub2f9\uc9c4_\ub3c4\uae09_1_B_\ucf54\uc544_3\ubc88 \uacc4\ub2e8 \uacc4\uafb8\ubbf8 \uc124\uce58 \ubc0f \ud558\ubd80 \uc791\uc5c5_4\n\n\ud2b9\uc774\uc0ac\ud56d : \ud2b9\uc774\uc0ac\ud56d: \uc5c6\uc74c\n\uc5f0\uc7a5\uadfc\ubb34: \n",
        "type": "\ub2f9\uc9c4",
        "username": "\uc7a5\ud574\ub8e1",
        "backgroundColor": "#D25565",
        "textColor": "#ffffff",
        "allDay": false
    },
    {
        "_id": 664,
        "title": "\ub2f9\uc9c4",
        "start": "2024-08-03 09:00",
        "end": "2024-08-03 09:00",
        "description": "\uc791\uc5c5\uc7a5 : \ub2f9\uc9c4 \n \uc791\uc5c5\uc778\uc6d0 : 7 \n\uc791\uc5c5\uc790 \uba85 :A,B,C,D,E,F,G,\n\uc5f0\uc7a5 \uadfc\ubb34\uc790\uba85 : \n\uc624\uc804 \uadfc\ubb34\uc790\uba85 : \n\uc791\uc5c5 \ub0b4\uc6a9 : \ub2f9\uc9c4_\ub3c4\uae09_1_C_\uae30\ub465_\uac70\ud478\uc9d1 \uc124\uce58 \ubc0f \ubc18\ub3c4 \uc791\uc5c5_3\n\ub2f9\uc9c4_\ub3c4\uae09_2_A_\uc2dd\ub2f9_E/V\uc2e4 \uac70\ud478\uc9d1 \uc791\uc5c5_4\n\n\ud2b9\uc774\uc0ac\ud56d : \ud2b9\uc774\uc0ac\ud56d: \ube44\uac00 \ub9ce\uc774\uc634\n\uc5f0\uc7a5\uadfc\ubb34: \n",
        "type": "\ub2f9\uc9c4",
        "username": "\uae40\uc900\ud638",
        "backgroundColor": "#D25565",
        "textColor": "#ffffff",
        "allDay": false
    }
]